log2_x,count,native_sin,native_cos,std_sin,std_cos
-149,4,7.006492322e-46,0.000000000e+00,0.000000000e+00,0.000000000e+00
-148,4,3.503246161e-45,0.000000000e+00,0.000000000e+00,0.000000000e+00
-147,8,1.401298464e-45,0.000000000e+00,0.000000000e+00,0.000000000e+00
-146,16,2.452272313e-45,0.000000000e+00,0.000000000e+00,0.000000000e+00
-145,32,2.101947696e-45,0.000000000e+00,0.000000000e+00,0.000000000e+00
-144,64,2.233319428e-45,0.000000000e+00,0.000000000e+00,0.000000000e+00
-143,128,2.189528851e-45,0.000000000e+00,0.000000000e+00,0.000000000e+00
-142,256,2.222371783e-45,0.000000000e+00,0.000000000e+00,0.000000000e+00
-141,512,2.184055028e-45,0.000000000e+00,0.000000000e+00,0.000000000e+00
-140,1024,2.200476495e-45,0.000000000e+00,0.000000000e+00,0.000000000e+00
-139,2048,2.196371128e-45,0.000000000e+00,0.000000000e+00,0.000000000e+00
-138,4096,2.197739584e-45,0.000000000e+00,0.000000000e+00,0.000000000e+00
-137,8192,2.196371128e-45,0.000000000e+00,0.000000000e+00,0.000000000e+00
-136,16384,2.196542185e-45,0.000000000e+00,0.000000000e+00,0.000000000e+00
-135,32768,2.196627714e-45,0.000000000e+00,0.000000000e+00,0.000000000e+00
-134,65536,2.196670478e-45,0.000000000e+00,0.000000000e+00,0.000000000e+00
-133,131072,2.196713242e-45,0.000000000e+00,0.000000000e+00,0.000000000e+00
-132,262144,2.196670478e-45,0.000000000e+00,0.000000000e+00,0.000000000e+00
-131,524288,2.196691860e-45,0.000000000e+00,0.000000000e+00,0.000000000e+00
-130,1048576,2.204589880e-45,0.000000000e+00,0.000000000e+00,0.000000000e+00
-129,2097152,2.307039624e-45,0.000000000e+00,0.000000000e+00,0.000000000e+00
-128,4194304,2.683330149e-45,0.000000000e+00,0.000000000e+00,0.000000000e+00
-127,8388608,4.177109279e-45,0.000000000e+00,0.000000000e+00,0.000000000e+00
-126,16777216,8.249365498e-45,0.000000000e+00,0.000000000e+00,0.000000000e+00
-125,16777216,1.650001225e-44,0.000000000e+00,0.000000000e+00,0.000000000e+00
-124,16777216,3.300128538e-44,0.000000000e+00,0.000000000e+00,0.000000000e+00
-123,16777216,6.596959887e-44,0.000000000e+00,0.000000000e+00,0.000000000e+00
-122,16777216,1.319391977e-43,0.000000000e+00,0.000000000e+00,0.000000000e+00
-121,16777216,2.638783955e-43,0.000000000e+00,0.000000000e+00,0.000000000e+00
-120,16777216,5.277567909e-43,0.000000000e+00,0.000000000e+00,0.000000000e+00
-119,16777216,1.055513582e-42,0.000000000e+00,0.000000000e+00,0.000000000e+00
-118,16777216,2.111027164e-42,0.000000000e+00,0.000000000e+00,0.000000000e+00
-117,16777216,4.222054327e-42,0.000000000e+00,0.000000000e+00,0.000000000e+00
-116,16777216,8.444108655e-42,0.000000000e+00,0.000000000e+00,0.000000000e+00
-115,16777216,1.688821731e-41,0.000000000e+00,0.000000000e+00,0.000000000e+00
-114,16777216,3.377643462e-41,0.000000000e+00,0.000000000e+00,0.000000000e+00
-113,16777216,6.755286924e-41,0.000000000e+00,0.000000000e+00,0.000000000e+00
-112,16777216,1.351057385e-40,0.000000000e+00,0.000000000e+00,0.000000000e+00
-111,16777216,2.702114770e-40,0.000000000e+00,0.000000000e+00,0.000000000e+00
-110,16777216,5.404229539e-40,0.000000000e+00,0.000000000e+00,0.000000000e+00
-109,16777216,1.080845908e-39,0.000000000e+00,0.000000000e+00,0.000000000e+00
-108,16777216,2.161691816e-39,0.000000000e+00,0.000000000e+00,0.000000000e+00
-107,16777216,4.323383631e-39,0.000000000e+00,0.000000000e+00,0.000000000e+00
-106,16777216,8.646767263e-39,0.000000000e+00,0.000000000e+00,0.000000000e+00
-105,16777216,1.729353453e-38,0.000000000e+00,0.000000000e+00,0.000000000e+00
-104,16777216,3.458706905e-38,0.000000000e+00,0.000000000e+00,0.000000000e+00
-103,16777216,6.917413810e-38,0.000000000e+00,0.000000000e+00,0.000000000e+00
-102,16777216,1.383482762e-37,0.000000000e+00,0.000000000e+00,0.000000000e+00
-101,16777216,2.766965524e-37,0.000000000e+00,0.000000000e+00,0.000000000e+00
-100,16777216,5.533931048e-37,0.000000000e+00,0.000000000e+00,0.000000000e+00
-99,16777216,1.106786210e-36,0.000000000e+00,0.000000000e+00,0.000000000e+00
-98,16777216,2.213572419e-36,0.000000000e+00,0.000000000e+00,0.000000000e+00
-97,16777216,4.427144838e-36,0.000000000e+00,0.000000000e+00,0.000000000e+00
-96,16777216,8.854289677e-36,0.000000000e+00,0.000000000e+00,0.000000000e+00
-95,16777216,1.770857935e-35,0.000000000e+00,0.000000000e+00,0.000000000e+00
-94,16777216,3.541715871e-35,0.000000000e+00,0.000000000e+00,0.000000000e+00
-93,16777216,7.083431742e-35,0.000000000e+00,0.000000000e+00,0.000000000e+00
-92,16777216,1.416686348e-34,0.000000000e+00,0.000000000e+00,0.000000000e+00
-91,16777216,2.833372697e-34,0.000000000e+00,0.000000000e+00,0.000000000e+00
-90,16777216,5.666745393e-34,0.000000000e+00,0.000000000e+00,0.000000000e+00
-89,16777216,1.133349079e-33,0.000000000e+00,0.000000000e+00,0.000000000e+00
-88,16777216,2.266698157e-33,0.000000000e+00,0.000000000e+00,0.000000000e+00
-87,16777216,4.533396315e-33,0.000000000e+00,0.000000000e+00,0.000000000e+00
-86,16777216,9.066792629e-33,0.000000000e+00,0.000000000e+00,0.000000000e+00
-85,16777216,1.813358526e-32,0.000000000e+00,0.000000000e+00,0.000000000e+00
-84,16777216,3.626717052e-32,0.000000000e+00,0.000000000e+00,0.000000000e+00
-83,16777216,7.253434103e-32,0.000000000e+00,0.000000000e+00,0.000000000e+00
-82,16777216,1.450686821e-31,0.000000000e+00,0.000000000e+00,0.000000000e+00
-81,16777216,2.901373641e-31,0.000000000e+00,0.000000000e+00,0.000000000e+00
-80,16777216,5.802747283e-31,0.000000000e+00,0.000000000e+00,0.000000000e+00
-79,16777216,1.160549457e-30,0.000000000e+00,0.000000000e+00,0.000000000e+00
-78,16777216,2.321098913e-30,0.000000000e+00,0.000000000e+00,0.000000000e+00
-77,16777216,4.642197826e-30,0.000000000e+00,0.000000000e+00,0.000000000e+00
-76,16777216,9.284395652e-30,0.000000000e+00,0.000000000e+00,0.000000000e+00
-75,16777216,1.856879130e-29,0.000000000e+00,0.000000000e+00,0.000000000e+00
-74,16777216,3.713758261e-29,0.000000000e+00,0.000000000e+00,0.000000000e+00
-73,16777216,7.427516522e-29,0.000000000e+00,0.000000000e+00,0.000000000e+00
-72,16777216,1.485503304e-28,0.000000000e+00,0.000000000e+00,0.000000000e+00
-71,16777216,2.971006609e-28,0.000000000e+00,0.000000000e+00,0.000000000e+00
-70,16777216,5.942013217e-28,0.000000000e+00,0.000000000e+00,0.000000000e+00
-69,16777216,1.188402643e-27,0.000000000e+00,0.000000000e+00,0.000000000e+00
-68,16777216,2.376805287e-27,0.000000000e+00,0.000000000e+00,0.000000000e+00
-67,16777216,4.753610574e-27,0.000000000e+00,0.000000000e+00,0.000000000e+00
-66,16777216,9.507221148e-27,0.000000000e+00,0.000000000e+00,0.000000000e+00
-65,16777216,1.901444230e-26,0.000000000e+00,0.000000000e+00,0.000000000e+00
-64,16777216,3.802888459e-26,0.000000000e+00,0.000000000e+00,0.000000000e+00
-63,16777216,7.605776918e-26,0.000000000e+00,0.000000000e+00,0.000000000e+00
-62,16777216,1.521155384e-25,0.000000000e+00,0.000000000e+00,0.000000000e+00
-61,16777216,3.042310767e-25,0.000000000e+00,0.000000000e+00,0.000000000e+00
-60,16777216,6.084621535e-25,0.000000000e+00,0.000000000e+00,0.000000000e+00
-59,16777216,1.216924307e-24,0.000000000e+00,0.000000000e+00,0.000000000e+00
-58,16777216,2.433848614e-24,0.000000000e+00,0.000000000e+00,0.000000000e+00
-57,16777216,4.867697228e-24,0.000000000e+00,0.000000000e+00,0.000000000e+00
-56,16777216,9.735394456e-24,0.000000000e+00,0.000000000e+00,0.000000000e+00
-55,16777216,1.947078891e-23,0.000000000e+00,0.000000000e+00,0.000000000e+00
-54,16777216,3.894157782e-23,0.000000000e+00,0.000000000e+00,0.000000000e+00
-53,16777216,7.788315564e-23,0.000000000e+00,0.000000000e+00,0.000000000e+00
-52,16777216,1.557663113e-22,0.000000000e+00,0.000000000e+00,0.000000000e+00
-51,16777216,3.115326226e-22,0.000000000e+00,0.000000000e+00,0.000000000e+00
-50,16777216,6.230652452e-22,0.000000000e+00,0.000000000e+00,0.000000000e+00
-49,16777216,1.246130490e-21,0.000000000e+00,0.000000000e+00,0.000000000e+00
-48,16777216,2.492260981e-21,0.000000000e+00,0.000000000e+00,0.000000000e+00
-47,16777216,4.984521961e-21,0.000000000e+00,0.000000000e+00,0.000000000e+00
-46,16777216,9.969043922e-21,0.000000000e+00,0.000000000e+00,0.000000000e+00
-45,16777216,1.993808784e-20,0.000000000e+00,0.000000000e+00,0.000000000e+00
-44,16777216,3.987617569e-20,0.000000000e+00,0.000000000e+00,0.000000000e+00
-43,16777216,7.975235138e-20,0.000000000e+00,0.000000000e+00,0.000000000e+00
-42,16777216,1.595047028e-19,0.000000000e+00,0.000000000e+00,0.000000000e+00
-41,16777216,3.190094055e-19,0.000000000e+00,0.000000000e+00,0.000000000e+00
-40,16777216,6.380188110e-19,0.000000000e+00,0.000000000e+00,0.000000000e+00
-39,16777216,1.276037622e-18,0.000000000e+00,0.000000000e+00,0.000000000e+00
-38,16777216,2.552075244e-18,0.000000000e+00,0.000000000e+00,0.000000000e+00
-37,16777216,5.104150488e-18,0.000000000e+00,0.000000000e+00,0.000000000e+00
-36,16777216,1.020830098e-17,0.000000000e+00,0.000000000e+00,0.000000000e+00
-35,16777216,2.041660195e-17,0.000000000e+00,0.000000000e+00,0.000000000e+00
-34,16777216,4.083320391e-17,0.000000000e+00,0.000000000e+00,0.000000000e+00
-33,16777216,8.166640781e-17,0.000000000e+00,0.000000000e+00,0.000000000e+00
-32,16777216,1.633328156e-16,0.000000000e+00,0.000000000e+00,0.000000000e+00
-31,16777216,3.266656313e-16,0.000000000e+00,0.000000000e+00,0.000000000e+00
-30,16777216,6.533312625e-16,0.000000000e+00,0.000000000e+00,0.000000000e+00
-29,16777216,1.306662525e-15,0.000000000e+00,0.000000000e+00,0.000000000e+00
-28,16777216,2.613325050e-15,0.000000000e+00,0.000000000e+00,0.000000000e+00
-27,16777216,5.226650100e-15,6.503534851e-17,0.000000000e+00,6.503534851e-17
-26,16777216,1.045330020e-14,2.579367261e-16,1.845441086e-24,2.579367261e-16
-25,16777216,2.090660039e-14,1.035919720e-15,1.659733171e-23,1.035919720e-15
-24,16777216,4.181320067e-14,4.144760076e-15,1.323692167e-22,4.144760076e-15
-23,16777216,8.362640054e-14,1.657931113e-14,1.058800090e-21,1.657931113e-14
-22,16777216,1.672527947e-13,6.631731243e-14,8.470332884e-21,6.631731243e-14
-21,16777216,3.345055386e-13,2.652692666e-13,6.776263066e-20,2.652692666e-13
-20,16777216,6.690106707e-13,1.061077071e-12,5.421010267e-19,1.061077071e-12
-19,16777216,1.338018089e-12,4.244308281e-12,4.336808210e-18,4.244308281e-12
-18,16777216,2.676010157e-12,1.697723313e-11,3.469446564e-17,1.697723313e-11
-17,16777216,5.351812147e-12,6.790893253e-11,2.775557253e-16,6.790893253e-11
-16,16777216,1.070195896e-11,2.716357301e-10,2.220445802e-15,2.716357301e-10
-15,16777216,2.139059524e-11,1.086542920e-09,1.776356642e-14,1.086542920e-09
-14,16777216,4.267460909e-11,4.346171682e-09,1.421085313e-13,4.346171682e-09
-13,16777216,8.449656699e-11,3.721233073e-08,1.136868248e-12,1.738468667e-08
-12,16777216,1.621719245e-10,2.488332658e-08,8.236176611e-12,1.519023399e-08
-11,16777216,2.697741753e-10,3.025442191e-08,1.655942654e-11,1.488459849e-08
-10,16777216,1.942166276e-10,2.986227805e-08,3.013622121e-11,1.490010602e-08
-9,16777216,7.568152176e-10,3.023111336e-08,5.871690030e-11,1.490111154e-08
-8,16777216,9.750122302e-10,3.226194934e-08,1.166682320e-10,1.490122434e-08
-7,16777216,3.027907357e-09,3.907062696e-08,2.329550188e-10,1.490142308e-08
-6,16777216,8.811384683e-09,5.422658102e-08,4.657065966e-10,1.490117280e-08
-5,16777216,2.298611559e-08,5.637229427e-08,9.314189757e-10,1.490671183e-08
-4,16777216,1.801229814e-08,3.410750560e-08,1.866987724e-09,1.498147431e-08
-3,16777216,2.425364164e-08,4.371969428e-08,3.804786546e-09,1.579161860e-08
-2,16777216,2.666946657e-08,2.295282481e-08,7.540514781e-09,1.781586575e-08
-1,16777216,4.980264631e-08,2.349146959e-08,1.560679738e-08,1.706852302e-08
0,16777216,3.829746512e-08,6.019500791e-08,1.679574052e-08,8.296753635e-09
1,16777216,1.049342978e-07,6.820677475e-08,1.309152798e-08,1.756741797e-08
2,16777216,1.481578981e-07,1.724564025e-07,1.375158485e-08,1.275573192e-08
3,16777216,3.253489108e-07,3.045596814e-07,1.355196438e-08,1.418640652e-08
4,16777216,6.396028416e-07,6.179902055e-07,1.408081414e-08,1.358496118e-08
5,16777216,1.263417257e-06,1.253410858e-06,1.380763827e-08,1.403791607e-08
6,16777216,2.487558572e-06,2.534379230e-06,1.397556164e-08,1.371722550e-08
7,16777216,5.034632525e-06,5.014402837e-06,1.379481118e-08,1.389100590e-08
8,16777216,1.004471127e-05,1.005355713e-05,1.386855846e-08,1.383716787e-08
9,16777216,2.009558588e-05,2.010271771e-05,1.385950117e-08,1.385526603e-08
10,16777216,4.019073585e-05,4.020624732e-05,1.385666873e-08,1.385313026e-08
11,16777216,8.038483451e-05,8.040676331e-05,1.385939443e-08,1.385488528e-08
12,16777216,1.607885135e-04,1.607925761e-04,1.385585459e-08,1.385737004e-08
13,16777216,3.216070622e-04,3.215651885e-04,1.386030728e-08,1.385217807e-08
14,16777216,6.431802500e-04,6.431708892e-04,1.385201966e-08,1.385462443e-08
15,16777216,1.286323821e-03,1.286369218e-03,1.385825509e-08,1.386131722e-08
16,16777216,2.572708004e-03,2.572683893e-03,1.385255609e-08,1.386182817e-08
17,16777216,5.145399208e-03,5.145384790e-03,1.385363280e-08,1.386099728e-08
18,16777216,1.029076915e-02,1.029075788e-02,1.385590349e-08,1.385093715e-08
19,16777216,2.058137057e-02,2.058133682e-02,1.384776779e-08,1.385660562e-08
20,16777216,4.116128185e-02,4.116127886e-02,1.385814964e-08,1.385613382e-08
21,16777216,8.231103074e-02,8.231105524e-02,1.385612436e-08,1.385973471e-08
22,16777216,1.645286922e-01,1.645288238e-01,1.385092691e-08,1.384947015e-08
23,16777216,3.282792264e-01,3.282743778e-01,1.386180260e-08,1.385521587e-08
24,16777216,5.893527320e-01,6.487887315e-01,1.384639330e-08,1.385215140e-08
25,16777216,6.366198128e-01,1.059680170e+00,1.385761621e-08,1.386089628e-08
26,16777216,6.366197344e-01,1.000000154e+00,1.385686655e-08,1.385787974e-08
27,16777216,6.366196555e-01,9.999999497e-01,1.385321666e-08,1.385328037e-08
28,16777216,6.366198427e-01,9.999996933e-01,1.385540607e-08,1.385666126e-08
29,16777216,6.366197518e-01,1.000000188e+00,1.385169893e-08,1.385732782e-08
30,16777216,6.366197642e-01,9.999999763e-01,1.385256247e-08,1.385644572e-08
31,16777216,6.366197978e-01,9.999999621e-01,1.385683840e-08,1.385659450e-08
32,16777216,6.366197394e-01,1.000000084e+00,1.384898122e-08,1.385925338e-08
33,16777216,6.366195385e-01,1.000000035e+00,1.385441840e-08,1.385154465e-08
34,16777216,6.366199107e-01,9.999993869e-01,1.385500206e-08,1.385950963e-08
35,16777216,6.366197297e-01,1.000000350e+00,1.386412225e-08,1.385335315e-08
36,16777216,6.366197932e-01,9.999998812e-01,1.385787407e-08,1.385456847e-08
37,16777216,6.366197679e-01,1.000000085e+00,1.386022950e-08,1.385880056e-08
38,16777216,6.366197619e-01,9.999999968e-01,1.385563234e-08,1.385362107e-08
39,16777216,6.366198501e-01,9.999999194e-01,1.384985139e-08,1.384787198e-08
40,16777216,6.366198190e-01,1.000000166e+00,1.385328500e-08,1.385928526e-08
41,16777216,6.366200949e-01,9.999999547e-01,1.385831787e-08,1.385063568e-08
42,16777216,6.366197195e-01,1.000000791e+00,1.385062223e-08,1.385563120e-08
43,16777216,6.366197342e-01,9.999999067e-01,1.385322604e-08,1.385546195e-08
44,16777216,6.366197292e-01,9.999999307e-01,1.385921746e-08,1.385528509e-08
45,16777216,6.366197254e-01,9.999999356e-01,1.385086703e-08,1.385523688e-08
46,16777216,6.366197996e-01,9.999999569e-01,1.385461803e-08,1.385180454e-08
47,16777216,6.366197707e-01,1.000000143e+00,1.385951040e-08,1.384987068e-08
48,16777216,6.366197763e-01,1.000000005e+00,1.385326419e-08,1.385465389e-08
49,16777216,6.366197736e-01,9.999999910e-01,1.385329727e-08,1.385821195e-08
50,16777216,6.366197583e-01,1.000000025e+00,1.385557306e-08,1.385877688e-08
51,16777216,6.366198048e-01,9.999999415e-01,1.385547377e-08,1.385767987e-08
52,16777216,6.366198941e-01,1.000000015e+00,1.386417077e-08,1.385484416e-08
53,16777216,6.366197256e-01,1.000000306e+00,1.385446699e-08,1.384894264e-08
54,16777216,6.366198001e-01,9.999998616e-01,1.385345158e-08,1.386046176e-08
55,16777216,6.366198321e-01,1.000000047e+00,1.385799643e-08,1.385460509e-08
56,16777216,6.366197888e-01,1.000000130e+00,1.385799271e-08,1.385607954e-08
57,16777216,6.366197585e-01,1.000000026e+00,1.385896984e-08,1.385938977e-08
58,16777216,6.366198157e-01,9.999999418e-01,1.385378405e-08,1.385060307e-08
59,16777216,6.366197490e-01,1.000000116e+00,1.385691767e-08,1.385659691e-08
60,16777216,6.366196599e-01,9.999999926e-01,1.385530681e-08,1.385080892e-08
61,16777216,6.366198387e-01,9.999997064e-01,1.385093813e-08,1.385682926e-08
62,16777216,6.366197532e-01,1.000000168e+00,1.385343156e-08,1.385469071e-08
63,16777216,6.366198291e-01,9.999999274e-01,1.385544190e-08,1.385724124e-08
64,16777216,6.366197708e-01,1.000000129e+00,1.385821958e-08,1.385817902e-08
65,16777216,6.366197709e-01,1.000000002e+00,1.385860237e-08,1.385718177e-08
66,16777216,6.366197988e-01,9.999999986e-01,1.385542543e-08,1.385317902e-08
67,16777216,6.366197842e-01,1.000000050e+00,1.386004067e-08,1.385997452e-08
68,16777216,6.366197586e-01,1.000000033e+00,1.385196104e-08,1.385763542e-08
69,16777216,6.366197198e-01,9.999999782e-01,1.385996098e-08,1.385162180e-08
70,16777216,6.366196572e-01,9.999999389e-01,1.385566690e-08,1.385539421e-08
71,16777216,6.366197142e-01,9.999997875e-01,1.385398740e-08,1.385347064e-08
72,16777216,6.366197267e-01,9.999998921e-01,1.385286023e-08,1.385161037e-08
73,16777216,6.366197464e-01,9.999999008e-01,1.385872470e-08,1.385458747e-08
74,16777216,6.366197674e-01,9.999999333e-01,1.385580827e-08,1.385675908e-08
75,16777216,6.366198171e-01,1.000000032e+00,1.385563349e-08,1.385417034e-08
76,16777216,6.366197922e-01,1.000000107e+00,1.385434572e-08,1.385701898e-08
77,16777216,6.366197938e-01,9.999999620e-01,1.385196920e-08,1.385570555e-08
78,16777216,6.366197721e-01,1.000000088e+00,1.385939206e-08,1.386236640e-08
79,16777216,6.366197364e-01,9.999999955e-01,1.386330633e-08,1.386214379e-08
80,16777216,6.366196996e-01,9.999999408e-01,1.385936632e-08,1.385030721e-08
81,16777216,6.366198183e-01,9.999998148e-01,1.385211214e-08,1.385233964e-08
82,16777216,6.366198021e-01,1.000000072e+00,1.385793017e-08,1.385592416e-08
83,16777216,6.366198147e-01,1.000000034e+00,1.385333356e-08,1.385464282e-08
84,16777216,6.366197570e-01,1.000000108e+00,1.385086316e-08,1.385018865e-08
85,16777216,6.366198177e-01,9.999999688e-01,1.385680679e-08,1.385323851e-08
86,16777216,6.366197063e-01,1.000000131e+00,1.385469570e-08,1.386304148e-08
87,16777216,6.366194598e-01,9.999999983e-01,1.385842769e-08,1.385871340e-08
88,16777216,6.366195952e-01,9.999993450e-01,1.385422063e-08,1.385003086e-08
89,16777216,6.366198236e-01,9.999995095e-01,1.385181586e-08,1.385229299e-08
90,16777216,6.366199952e-01,1.000000020e+00,1.385423191e-08,1.385869568e-08
91,16777216,6.366196824e-01,1.000000573e+00,1.385229083e-08,1.385690831e-08
92,16777216,6.366198438e-01,9.999997523e-01,1.385534618e-08,1.385474633e-08
93,16777216,6.366197891e-01,1.000000166e+00,1.385565471e-08,1.385263633e-08
94,16777216,6.366199336e-01,9.999999602e-01,1.385665460e-08,1.385580694e-08
95,16777216,6.366197971e-01,1.000000397e+00,1.386125118e-08,1.385822403e-08
96,16777216,6.366197949e-01,1.000000167e+00,1.385997377e-08,1.385959248e-08
97,16777216,6.366197565e-01,1.000000013e+00,1.386230743e-08,1.385677892e-08
98,16777216,6.366197519e-01,1.000000004e+00,1.385943947e-08,1.385401965e-08
99,16777216,6.366197442e-01,9.999999695e-01,1.385784219e-08,1.385349329e-08
100,16777216,6.366197418e-01,9.999999385e-01,1.385172322e-08,1.384648277e-08
101,16777216,6.366196217e-01,9.999999904e-01,1.385873887e-08,1.385604614e-08
102,16777216,6.366198550e-01,9.999996080e-01,1.385840418e-08,1.385940604e-08
103,16777216,6.366197487e-01,1.000000201e+00,1.385820657e-08,1.385346804e-08
104,16777216,6.366197615e-01,9.999999162e-01,1.385010390e-08,1.385131299e-08
105,16777216,6.366197273e-01,1.000000013e+00,1.385469776e-08,1.385685493e-08
106,16777216,6.366198126e-01,9.999999155e-01,1.385662382e-08,1.385417594e-08
107,16777216,6.366197286e-01,1.000000114e+00,1.385255141e-08,1.385816359e-08
108,16777216,6.366196745e-01,9.999999423e-01,1.385192868e-08,1.385850784e-08
109,16777216,6.366192558e-01,1.000000011e+00,1.385161107e-08,1.385770042e-08
110,16777216,6.366200676e-01,9.999986493e-01,1.385948042e-08,1.385522380e-08
111,16777216,6.366197034e-01,1.000000732e+00,1.385665464e-08,1.385286088e-08
112,16777216,6.366197600e-01,9.999998161e-01,1.385430162e-08,1.385554827e-08
113,16777216,6.366197569e-01,9.999999858e-01,1.385753328e-08,1.385521656e-08
114,16777216,6.366197314e-01,9.999999467e-01,1.385642392e-08,1.385090516e-08
115,16777216,6.366198132e-01,9.999998888e-01,1.385900172e-08,1.385955484e-08
116,16777216,6.366197802e-01,1.000000105e+00,1.385724473e-08,1.385836796e-08
117,16777216,6.366197391e-01,1.000000035e+00,1.385385449e-08,1.385633285e-08
118,16777216,6.366196708e-01,9.999999635e-01,1.385353187e-08,1.385641204e-08
119,16777216,6.366193740e-01,9.999999536e-01,1.385019683e-08,1.385499060e-08
120,16777216,6.366197217e-01,9.999991295e-01,1.385617338e-08,1.385633990e-08
121,16777216,6.366198448e-01,9.999998244e-01,1.385461809e-08,1.385614585e-08
122,16777216,6.366198378e-01,1.000000150e+00,1.386073890e-08,1.385628737e-08
123,16777216,6.366197866e-01,1.000000132e+00,1.385501692e-08,1.385405264e-08
124,16777216,6.366197754e-01,1.000000002e+00,1.385384562e-08,1.385430192e-08
125,16777216,6.366197647e-01,9.999999916e-01,1.385468252e-08,1.385664239e-08
126,16777216,6.366197357e-01,9.999999993e-01,1.385700372e-08,1.385068947e-08
127,16777216,6.366197551e-01,9.999999516e-01,1.385433070e-08,1.385683446e-08
